id,created,members,member_1,member_2
D05RLN07QS1,1694350530,"['U05S28VB3ED', 'U05S28X7ETB']",admin,payagude.m
D05RQM36TK5,1694402242,"['U05RA88PCPR', 'U05S28VB3ED']",sam,admin
D05RS3C1CQL,1694350529,"['U05S28X7ETB', 'U05S28X7ETB']",payagude.m,payagude.m
D05S3DAUDU1,1694402242,"['U05RA88PCPR', 'U05S28X7ETB']",sam,payagude.m
D05TG4VRWK1,1695705699,"['U05RA88PCPR', 'U05TTNUB27P']",sam,sajals1146
D05TG4W0S79,1695705702,"['U05S28VB3ED', 'U05TZ4E0G5A']",admin,shubhangisharma2411
D05TG4W2TE3,1695705703,"['U05TG4W1YUF', 'U05TQLV3ZC4']",nikhil993477,satish
D05TN4S07BM,1695495381,"['U05RA88PCPR', 'U05TQLV3ZC4']",sam,satish
D05TN7MPDDY,1695495381,"['U05S28VB3ED', 'U05TQLV3ZC4']",admin,satish
D05TQ1PFQ22,1695705699,"['U05S28X7ETB', 'U05TTNUB27P']",payagude.m,sajals1146
D05TQ1PN0DU,1695705703,"['U05S28X7ETB', 'U05TG4W1YUF']",payagude.m,nikhil993477
D05TQLV4CA0,1695495381,"['U05S28X7ETB', 'U05TQLV3ZC4']",payagude.m,satish
D05TTNUKDPX,1695705703,"['U05RA88PCPR', 'U05TG4W1YUF']",sam,nikhil993477
D05TWHQQENP,1695705702,"['U05TQLV3ZC4', 'U05TZ4E0G5A']",satish,shubhangisharma2411
D05TWHQSF51,1695705704,"['U05TG4W1YUF', 'U05TZ4E0G5A']",nikhil993477,shubhangisharma2411
D05TWLL9KH8,1695705699,"['U05TQLV3ZC4', 'U05TTNUB27P']",satish,sajals1146
D05TWLLFXMY,1695705703,"['U05TG4W1YUF', 'U05TTNUB27P']",nikhil993477,sajals1146
D05TZ4DRX5J,1695705698,"['U05TTNUB27P', 'U05TTNUB27P']",sajals1146,sajals1146
D05TZ4E23GC,1695705702,"['U05S28X7ETB', 'U05TZ4E0G5A']",payagude.m,shubhangisharma2411
D05U99YMCSD,1695705698,"['U05S28VB3ED', 'U05TTNUB27P']",admin,sajals1146
D05U99YTRL1,1695705703,"['U05S28VB3ED', 'U05TG4W1YUF']",admin,nikhil993477
D05UB7G6NDN,1695495380,"['U05TQLV3ZC4', 'USLACKBOT']",satish,USLACKBOT
D05UKLESCDN,1695705702,"['U05RA88PCPR', 'U05TZ4E0G5A']",sam,shubhangisharma2411
D05UKLETLP2,1695705703,"['U05TG4W1YUF', 'U05TG4W1YUF']",nikhil993477,nikhil993477
